index;paragraph;BD(Si);BP(Si);|P|;Posd;Posp;Score;W(Si);selected;text
0;0;0;0;174;1.0000;1.0000;15.7810;15.7810;1;Криптогра́фия (от др.-греч. κρυπτός «скрытый» + γράφω «пишу») — наука о математических методах обеспечения конфиденциальности, целостности данных, аутентификации, шифрования.
1;1;176;0;367;0.9900;1.0000;20.7285;20.5205;1;Изначально криптография изучала методы шифрования информации — обратимого преобразования открытого (исходного) текста на основе секретного алгоритма или ключа в шифрованный текст (шифротекст).
2;1;369;193;367;0.9790;0.4741;14.3027;6.6384;0;Традиционная криптография образует раздел симметричных криптосистем, в которых зашифровывание и расшифровывание проводится с использованием одного и того же секретного ключа.
3;2;545;0;106;0.9689;1.0000;10.7882;10.4530;0;Пример: Шифр АТБАШ, в котором ключом является перевёрнутый алфавит того языка, на котором шифруется текст.
4;3;653;0;221;0.9628;1.0000;22.2915;21.4615;1;Помимо этого раздела современная криптография включает в себя асимметричные криптосистемы, системы электронной цифровой подписи (ЭЦП), хеш-функции, управление ключами, получение скрытой информации, квантовую криптографию.
5;4;876;0;174;0.9501;1.0000;18.1589;17.2519;1;Криптография не является защитой от обмана, подкупа или шантажа законных абонентов, кражи ключей и других угроз информации, возникающих в защищённых системах передачи данных.
6;5;1052;0;150;0.9400;1.0000;11.8955;11.1820;0;Открытый (исходный) текст — данные (не обязательно текстовые), передаваемые без использования криптографии или другими словами незашифрованные данные.
7;6;1204;0;164;0.9314;1.0000;11.3100;10.5336;0;Шифротекст, шифрованный (закрытый) текст — данные, полученные после применения криптосистемы (обычно — с некоторым указанным ключом).
8;6;1338;134;164;0.9237;0.1829;1.6507;0.2789;0;Другое название: криптограмма.
9;7;1370;0;88;0.9219;1.0000;10.0123;9.2302;0;Шифр, криптосистема — семейство обратимых преобразований открытого текста в шифрованный.
10;8;1460;0;288;0.9168;1.0000;9.2593;8.4885;0;Ключ — параметр шифра, определяющий выбор конкретного преобразования данного текста.
11;8;1545;85;288;0.9119;0.7049;15.0237;9.6568;0;В современных шифрах криптографическая стойкость шифра целиком определяется секретностью ключа (принцип Керкгоффса).
12;8;1662;202;288;0.9052;0.2986;8.1156;2.1938;0;Также выделяют ключ шифрования (encryption key) и ключ расшифрования (decryption key).
13;9;1750;0;216;0.9002;1.0000;14.9289;13.4393;1;Шифрование — процесс нормального применения криптографического преобразования исходных данных, известных как открытый текст, в нечитаемую форму – шифротекст.
14;9;1908;158;216;0.8912;0.2685;3.9898;0.9548;0;Основная цель – обеспечение конфиденциальности информации.
15;10;1968;0;114;0.8878;1.0000;10.5219;9.3413;0;Расшифровывание — процесс нормального применения криптографического преобразования шифрованного текста в открытый.
16;11;2084;0;207;0.8812;1.0000;19.7198;17.3767;1;Асимметричный шифр, двухключевой шифр, шифр с открытым ключом — шифр, в котором используются два ключа, шифрующий и расшифровывающий.
17;11;2218;134;207;0.8735;0.3527;7.9089;2.4364;0;Зная лишь ключ зашифровывания, нельзя расшифровать сообщение, и наоборот.
18;12;2293;0;167;0.8693;1.0000;11.0764;9.6283;0;Открытый ключ — один из двух ключей асимметричной системы, свободно распространяющийся.
19;12;2381;88;167;0.8642;0.4731;7.7909;3.1852;0;Шифрующий для секретной переписки и расшифровывающий — для электронной подписи.
20;13;2462;0;96;0.8596;1.0000;14.8391;12.7561;0;Секретный ключ, закрытый ключ — один из двух ключей асимметричной системы, хранящийся в секрете.
21;14;2560;0;108;0.8540;1.0000;8.8496;7.5579;0;Криптоанализ — наука, изучающая математические методы нарушения конфиденциальности и целостности информации.
22;15;2670;0;70;0.8478;1.0000;5.2183;4.4239;0;Криптоаналитик — учёный, создающий и применяющий методы криптоанализа.
23;16;2742;0;193;0.8437;1.0000;17.5358;14.7943;1;"Криптография и криптоанализ составляют криптологию как единую науку о создании и взломе шифров (такое деление привнесено с Запада; до этого в СССР и России не применялось специального деления)."
24;17;2937;0;181;0.8325;1.0000;12.6631;10.5426;0;Криптографическая атака — попытка криптоаналитика вызвать отклонения в атакуемой защищённой системе обмена информацией.
25;17;3057;120;181;0.8257;0.3370;6.8919;1.9178;0;Успешную криптографическую атаку называют взлом или вскрытие.
26;18;3120;0;360;0.8221;1.0000;13.9423;11.4621;0;Дешифрование (дешифровка) — процесс извлечения открытого текста без знания криптографического ключа на основе известного шифрованного.
27;18;3255;135;360;0.8144;0.6250;14.8037;7.5352;0;Термин дешифрование обычно применяют по отношению к процессу криптоанализа шифротекста (криптоанализ сам по себе, вообще говоря, может заключаться и в анализе криптосистемы, а не только зашифрованного ею открытого сообщения).
28;19;3482;0;99;0.8015;1.0000;9.6408;7.7268;0;Криптографическая стойкость — способность криптографического алгоритма противостоять криптоанализу.
29;20;3583;0;271;0.7957;1.0000;5.4261;4.3176;0;Имитозащита — защита от навязывания ложной информации.
30;20;3638;55;271;0.7926;0.7970;8.7447;5.5242;0;Другими словами, текст остаётся открытым, но появляется возможность проверить, что его не изменяли ни случайно, ни намеренно.
31;20;3764;181;271;0.7854;0.3321;7.7223;2.0142;0;Имитозащита достигается обычно за счёт включения в пакет передаваемых данных имитовставки.
32;21;3856;0;89;0.7801;1.0000;8.9477;6.9806;0;Имитовставка — блок информации, применяемый для имитозащиты, зависящий от ключа и данных.
33;22;3947;0;203;0.7750;1.0000;16.6366;12.8927;0;Электронная цифровая подпись, или электронная подпись — асимметричная имитовставка (ключ защиты отличается от ключа проверки).
34;22;4074;127;203;0.7677;0.3744;4.8769;1.4017;0;Другими словами, такая имитовставка, которую проверяющий не может подделать.
35;23;4152;0;170;0.7633;1.0000;10.6618;8.1379;0;Центр сертификации — сторона, чья честность неоспорима, а открытый ключ широко известен.
36;23;4241;89;170;0.7582;0.4765;10.3809;3.7502;0;Электронная подпись центра сертификации подтверждает подлинность открытого ключа.
37;24;4324;0;266;0.7535;1.0000;10.3071;7.7660;0;Хеш-функция — функция, которая преобразует сообщение произвольной длины в число («свёртку») фиксированной длины.
38;24;4437;113;266;0.7470;0.5752;13.1688;5.6583;0;Для криптографической хеш-функции (в отличие от хеш-функции общего назначения) сложно вычислить обратную и даже найти два сообщения с общей хеш-функцией.
39;25;4592;0;153;0.7382;1.0000;15.7547;11.6299;0;Гибри́дная криптосисте́ма — система шифрования, совмещающая преимущества криптосистемы с открытым ключом с производительностью симметричных криптосистем.
40;26;4747;0;193;0.7293;1.0000;4.1368;3.0172;0;История криптографии насчитывает около 4 тысяч лет.
41;26;4799;52;193;0.7264;0.7306;10.2930;5.4622;0;В качестве основного критерия периодизации криптографии возможно использовать технологические характеристики используемых методов шифрования.
42;27;4942;0;618;0.7182;1.0000;18.2122;13.0805;1;Первый период (приблизительно с 3-го тысячелетия до н. э.) характеризуется господством моноалфавитных шифров (основной принцип — замена алфавита исходного текста другим алфавитом через замену букв другими буквами или символами).
43;27;5171;229;618;0.7052;0.6294;19.7403;8.7621;0;Второй период (хронологические рамки — с IX века на Ближнем Востоке (Ал-Кинди) и с XV века в Европе (Леон Баттиста Альберти) — до начала XX века) ознаменовался введением в обиход полиалфавитных шифров.
44;27;5373;431;618;0.6937;0.3026;8.1611;1.7130;0;Третий период (с начала и до середины XX века) характеризуется внедрением электромеханических устройств в работу шифровальщиков.
45;27;5502;560;618;0.6863;0.0939;4.3172;0.2781;0;При этом продолжалось использование полиалфавитных шифров.
46;28;5562;0;497;0.6829;1.0000;7.2671;4.9626;0;Четвёртый период — с середины до 70-х годов XX века — период перехода к математической криптографии.
47;28;5663;101;497;0.6771;0.7968;10.5945;5.7159;0;В работе Шеннона появляются строгие математические определения количества информации, передачи данных, энтропии, функций шифрования.
48;28;5796;234;497;0.6695;0.5292;11.2314;3.9793;0;Обязательным этапом создания шифра считается изучение его уязвимости для различных известных атак — линейного и дифференциального криптоанализа.
49;28;5941;379;497;0.6613;0.2374;11.4405;1.7962;0;Однако до 1975 года криптография оставалась «классической», или же, более корректно, криптографией с секретным ключом.
50;29;6061;0;562;0.6544;1.0000;13.7417;8.9930;0;Современный период развития криптографии (с конца 1970-х годов по настоящее время) отличается зарождением и развитием нового направления — криптография с открытым ключом.
51;29;6232;171;562;0.6447;0.6957;15.7736;7.0748;0;Её появление знаменуется не только новыми техническими возможностями, но и сравнительно широким распространением криптографии для использования частными лицами (в предыдущие эпохи использование криптографии было исключительной прерогативой государства).
52;29;6486;425;562;0.6302;0.2438;11.6020;1.7823;0;Правовое регулирование использования криптографии частными лицами в разных странах сильно различается — от разрешения до полного запрета.
53;30;6625;0;424;0.6223;1.0000;13.3988;8.3377;0;Современная криптография образует отдельное научное направление на стыке математики и информатики — работы в этой области публикуются в научных журналах, организуются регулярные конференции.
54;30;6816;191;424;0.6114;0.5495;17.6798;5.9399;0;Практическое применение криптографии стало неотъемлемой частью жизни современного общества — её используют в таких отраслях как электронная коммерция, электронный документооборот (включая цифровые подписи), телекоммуникации и других.
55;31;7051;0;333;0.5980;1.0000;11.4755;6.8621;0;Для современной криптографии характерно использование открытых алгоритмов шифрования, предполагающих использование вычислительных средств.
56;31;7190;139;333;0.5901;0.5826;16.7245;5.7492;0;Известно более десятка проверенных алгоритмов шифрования, которые при использовании ключа достаточной длины и корректной реализации алгоритма криптографически стойки.
57;31;7357;306;333;0.5805;0.0811;1.2923;0.0608;0;Распространённые алгоритмы:
58;32;7386;0;100;0.5789;1.0000;2.6572;1.5382;0;"симметричные DES, AES, ГОСТ 28147-89, ГОСТ 34.12-2018, Camellia, Twofish, Blowfish, IDEA, RC4 и др.;"
59;33;7488;0;41;0.5731;1.0000;2.5978;1.4887;0;"асимметричные RSA и Elgamal (Эль-Гамаль);"
60;34;7531;0;57;0.5706;1.0000;3.2179;1.8362;0;хеш-функций SHA-2, SHA-3, ГОСТ Р 34.11-2012 («Стрибог») .
61;35;7590;0;148;0.5673;1.0000;10.8348;6.1461;0;Криптографические методы стали широко использоваться частными лицами в электронных коммерческих операциях, телекоммуникациях и многих других средах.
62;36;7740;0;310;0.5587;1.0000;5.6809;3.1739;0;Во многих странах приняты национальные стандарты шифрования.
63;36;7801;61;310;0.5552;0.8032;12.2654;5.4700;0;В 2001 году в США принят стандарт симметричного шифрования AES на основе алгоритма Rijndael с длиной ключа 128, 192 и 256 бит.
64;36;7928;188;310;0.5480;0.3935;6.7623;1.4583;0;Алгоритм AES пришёл на смену прежнему алгоритму DES, который теперь рекомендовано использовать только в режиме Triple DES.
65;37;8052;0;243;0.5409;1.0000;18.5600;10.0393;0;В Российской Федерации действует стандарт ГОСТ 34.12-2015 с режимами шифрования блока сообщения длиной 64 («Магма») и 128 («Кузнечик») битов, и длиной ключа 256 бит.
66;37;8218;166;243;0.5314;0.3169;5.0812;0.8557;0;Также, для создания цифровой подписи используется алгоритм ГОСТ Р 34.10-2012.
67;38;8297;0;155;0.5269;1.0000;13.3116;7.0144;0;В основе построения криптостойких систем лежит многократное использование относительно простых преобразований, так называемых криптографических примитивов.
68;39;8454;0;425;0.5180;1.0000;9.5296;4.9362;0;Клод Шеннон, известный американский математик и электротехник, предложил использовать подстановки (англ. substitution) и перестановки (англ. permutation).
69;39;8609;155;425;0.5092;0.6353;5.5364;1.7908;0;Схемы, которые реализуют эти преобразования, называются SP-сетями.
70;39;8676;222;425;0.5053;0.4776;9.8768;2.3840;0;Нередко используемыми криптографическими примитивами являются также преобразования типа циклический сдвиг или гаммирование.
71;39;8800;346;425;0.4983;0.1859;6.5815;0.6096;0;Ниже приведены основные криптографические примитивы и примеры их использования.
72;40;8881;0;283;0.4936;1.0000;3.0111;1.4864;0;Симметричное шифрование.
73;40;8906;25;283;0.4922;0.9117;12.6683;5.6847;0;Заключается в том, что обе стороны-участники обмена данными имеют абсолютно одинаковые ключи для шифрования и расшифровки данных.
74;40;9036;155;283;0.4848;0.4523;7.9169;1.7360;0;Данный способ осуществляет преобразование, позволяющее предотвратить просмотр информации третьей стороной.
75;40;9143;262;283;0.4787;0.0742;3.0839;0.1095;0;Пример: книжный шифр.
76;41;9166;0;620;0.4774;1.0000;3.1292;1.4938;0;Асимметричное шифрование.
77;41;9192;26;620;0.4759;0.9581;9.2095;4.1991;0;Предполагает использовать в паре два разных ключа — открытый и секретный (закрытый).
78;41;9277;111;620;0.4711;0.8210;30.4512;11.7764;0;В асимметричном шифровании ключи работают в паре — если данные шифруются открытым ключом, то расшифровать их можно только соответствующим секретным ключом, и наоборот — если данные шифруются секретным ключом, то расшифровать их можно только соответствующим открытым ключом.
79;41;9551;385;620;0.4554;0.3790;6.9791;1.2048;0;Использовать открытый ключ из одной пары и секретный с другой — невозможно.
80;41;9627;461;620;0.4511;0.2565;6.2944;0.7282;0;Каждая пара асимметричных ключей связана математическими зависимостями.
81;41;9699;533;620;0.4470;0.1403;6.6011;0.4140;0;Данный способ также нацелен на преобразование информации от просмотра третьей стороной.
82;42;9788;0;189;0.4419;1.0000;2.2982;1.0156;0;Цифровые подписи.
83;42;9806;18;189;0.4409;0.9048;14.1999;5.6645;0;Цифровые подписи используют для установления подлинности документа, его происхождения и авторства, их использование исключает искажения информации в электронном документе.
84;43;9979;0;446;0.4310;1.0000;1.2103;0.5217;0;Хеширование.
85;43;9992;13;446;0.4303;0.9709;11.0970;4.6358;0;Преобразование входного массива данных произвольной длины в выходную битовую строку фиксированной длины.
86;43;10097;118;446;0.4243;0.7354;12.3739;3.8613;0;Такие преобразования также называются хеш-функциями или функциями свёртки, а их результаты называют хеш-кодом, контрольной суммой или дайджестом сообщения (англ. message digest).
87;43;10276;297;446;0.4141;0.3341;4.2048;0.5817;0;Результаты хеширования статистически уникальны.
88;43;10324;345;446;0.4114;0.2265;4.7463;0.4422;0;Последовательность, отличающаяся хотя бы одним байтом, не будет преобразована в то же самое значение.
89;44;10427;0;267;0.4055;1.0000;11.2090;4.5452;0;Криптографическим протоколом называется абстрактный или конкретный протокол, включающий набор криптографических алгоритмов.
90;44;10551;124;267;0.3984;0.5356;12.3015;2.6250;0;В основе протокола лежит набор правил, регламентирующих использование криптографических преобразований и алгоритмов в информационных процессах.
91;45;10696;0;136;0.3902;1.0000;12.7080;4.9581;0;Примеры криптографических протоколов: доказательство с нулевым разглашением, забывчивая передача, протокол конфиденциального вычисления.
92;46;10834;0;495;0.3823;1.0000;11.3719;4.3474;0;В Российской Федерации коммерческая деятельность, связанная с использованием криптографических средств, подлежит обязательному лицензированию.
93;46;10977;143;495;0.3741;0.7111;22.8557;6.0808;0;С 22 января 2008 года действовало постановление Правительства РФ от 29 декабря 2007 № 957 (отменено постановлением Правительства РФ от 16 апреля 2012 г. № 313) «Об утверждении положений о лицензировании отдельных видов деятельности, связанных с шифровальными (криптографическими) средствами», которым приняты положения о лицензировании деятельности по:
94;47;11331;0;57;0.3540;1.0000;5.4642;1.9341;0;"распространению шифровальных (криптографических) средств;"
95;48;11390;0;67;0.3506;1.0000;6.7275;2.3586;0;"техническому обслуживанию шифровальных (криптографических) средств;"
96;49;11459;0;53;0.3467;1.0000;5.4459;1.8879;0;"предоставлению услуг в области шифрования информации;"
97;50;11514;0;181;0.3435;1.0000;17.2286;5.9184;0;разработке, производству шифровальных (криптографических) средств, защищённых с использованием шифровальных (криптографических) средств информационных и телекоммуникационных систем.
98;51;11697;0;346;0.3331;1.0000;20.9856;6.9900;0;Приложения к данному постановлению содержали жёсткие требования к лицу-соискателю лицензии, включая его образование, квалификацию, стаж, требования к помещению, охране, информационной и эксплуатационной безопасности при разработке и реализации средств.
99;51;11950;253;346;0.3187;0.2688;6.7064;0.5744;0;К примеру, требуется «наличие в штате у соискателя … следующего квалифицированного персонала:
100;52;12045;0;509;0.3132;1.0000;34.1000;10.6816;0;"руководитель и (или) лицо, уполномоченное руководить работами по лицензируемой деятельности, имеющие высшее профессиональное образование и (или) профессиональную подготовку в области информационной безопасности, а также стаж работы в этой области не менее 5 лет; инженерно-технические работники, имеющие высшее профессиональное образование или прошедшие переподготовку … в области информационной безопасности с получением специализации, необходимой для работы с шифровальными (криптографическими) средствами»."
101;53;12556;0;312;0.2841;1.0000;24.8205;7.0517;0;В настоящее время действует также приказ ФСБ от 9 февраля 2005 г. № 66 «Об утверждении положения о разработке, производстве, реализации и эксплуатации шифровальных (криптографических) средств защиты информации (положение пкз-2005)», который определяет порядок разработки и эксплуатации криптографических средств.
102;54;12870;0;305;0.2662;1.0000;23.2600;6.1920;0;В частности, согласно приказу, средства криптографии реализуются «юридическим лицом или индивидуальным предпринимателем, имеющим право на осуществление данного вида деятельности, связанного с шифровальными (криптографическими) средствами — вместе с правилами пользования ими, согласованными с ФСБ России».
103;55;13177;0;942;0.2487;1.0000;74.4855;18.5248;1;Ещё раньше был издан указ Президента РФ от 3 апреля 1995 № 334 «О мерах по соблюдению законности в области разработки, производства, реализации и эксплуатации шифровальных средств, а также предоставления услуг в области шифрования информации», постановивший «запретить использование государственными организациями и предприятиями в информационно-телекоммуникационных системах шифровальных средств, включая криптографические средства обеспечения подлинности информации (электронная подпись), и защищённых технических средств хранения, обработки и передачи информации, не имеющих сертификата Федерального агентства правительственной связи и информации при Президенте Российской Федерации, а также размещение государственных заказов на предприятиях, в организациях, использующих указанные технические и шифровальные средства, не имеющие сертификата Федерального агентства правительственной связи и информации при Президенте Российской Федерации»
104;57;14124;0;223;0.1947;1.0000;12.8750;2.5069;0;Относительно юридических лиц и предпринимателей, желающих разрабатывать либо реализовывать криптосистемы, существуют п. 5―11 ст. 17 Федерального Закона от 08.08.2001 № 128-ФЗ «О лицензировании отдельных видов деятельности»:
105;58;14349;0;1165;0.1819;1.0000;94.3382;17.1583;1;Постановление Правительства РФ от 16 апреля 2012 г. № 313 «Об утверждении Положения о лицензировании деятельности по разработке, производству, распространению шифровальных (криптографических) средств, информационных систем и телекоммуникационных систем, защищённых с использованием шифровальных (криптографических) средств, выполнению работ, оказанию услуг в области шифрования информации, техническому обслуживанию шифровальных (криптографических) средств, информационных систем и телекоммуникационных систем, защищённых с использованием шифровальных (криптографических) средств (за исключением случая, если техническое обслуживание шифровальных (криптографических) средств, информационных систем и телекоммуникационных систем, защищённых с использованием шифровальных (криптографических) средств, осуществляется для обеспечения собственных нужд юридического лица или индивидуального предпринимателя)» отменило действие постановления Правительства Российской Федерации от 29 декабря 2007 г. № 957 «Об утверждении положений о лицензировании отдельных видов деятельности, связанных с шифровальными (криптографическими) средствами» и вводит новые[какие?] ограничения.
106;59;15516;0;577;0.1153;1.0000;13.4375;1.5499;0;Национальный технологический центр по цифровой криптографии (НТЦЦК) будет обеспечивать частно-государственное взаимодействие и развитие технологий криптографии.
107;59;15677;161;577;0.1062;0.7210;15.1339;1.1584;0;"Проект реализуется Минцифры совместно с ФСБ; создание НТЦЦК предусмотрено федеральным проектом «Информационная безопасность» национальной программы «Цифровая экономика»."
108;59;15847;331;577;0.0965;0.4263;18.2652;0.7512;0;Изначально планировалось создать данный центр в 2024 г., но из-за геополитической ситуации сроки запуска НТЦЦК были перенесены на конец 2022 — начало 2023 гг. Расходы федерального бюджета на создание центра в 2021—2024 гг. составят 11,5 млрд руб.
109;60;16095;0;92;0.0823;1.0000;7.2581;0.5976;0;В некоторых странах есть ограничения на экспорт криптографического программного обеспечения.
110;61;16189;0;100;0.0770;1.0000;8.4693;0.6519;0;США разрешает экспорт программного обеспечения без ограничений, если все следующие пункты выполнены:
111;62;16291;0;64;0.0712;1.0000;5.1062;0.3633;0;"код регулируется экспортными ограничениями ECCN 5D002[уточнить];"
112;63;16357;0;61;0.0674;1.0000;6.1423;0.4139;0;послано уведомление в Бюро промышленности и безопасности США.
113;64;16420;0;186;0.0638;1.0000;12.9515;0.8263;0;Среди свободного программного обеспечения, после выполнения всех оговорённых пунктов, экспорт разрешается для национальных интернет-браузеров и специальных программ, например, TrueCrypt.
114;65;16608;0;931;0.0531;1.0000;30.0873;1.5971;0;В Российской Федерации процедура выдачи лицензии на экспорт шифровальных средств регламентирована «Положением о порядке лицензирования экспорта и импорта товаров (работ, услуг) в Российской Федерации», утверждённым постановлением Правительства РФ от 31 октября 1996 г. № 1299, а также рядом других подзаконных актов МВЭС и упразднённого Министерства торговли.
115;65;16968;360;931;0.0326;0.6133;12.0408;0.2404;0;Лицензия является официальным документом, разрешающим осуществление экспортных или импортных операций в течение установленного срока.
116;65;17102;494;931;0.0249;0.4694;17.9280;0.2097;0;Следует подчеркнуть, что лицензии оформляются на каждый вид товара в соответствии с товарной номенклатурой внешнеэкономической деятельности независимо от количества наименований товаров, включённых в контракт (договор).
117;65;17322;714;931;0.0124;0.2331;3.7491;0.0108;0;Лицензии могут быть разовыми или генеральными.
118;65;17369;761;931;0.0097;0.1826;16.6810;0.0295;0;Разовая лицензия выдается для осуществления экспортной или импортной операции по одному контракту (договору) сроком до 12 текущих месяцев, начиная с даты выдачи лицензии.
